{"cameraMode":{"drawMode":0,"name":"Shaded","section":"Shading Mode"},"sceneLighting":false,"audioPlay":false,"sceneViewState":{"showFog":true,"showMaterialUpdate":false,"showSkybox":true,"showFlares":true,"showImageEffects":true,"showParticleSystems":true},"in2DMode":false,"pivot":{"x":-84.44000244140625,"y":56.56999969482422,"z":-18.149999618530275},"rotation":{"x":0.11704526841640473,"y":0.0029693704564124347,"z":-0.00035060380469076335,"w":0.9931221008300781},"size":16.678857803344728,"orthographic":false}