{"cameraMode":{"drawMode":0,"name":"Shaded","section":"Shading Mode"},"sceneLighting":true,"audioPlay":false,"sceneViewState":{"showFog":true,"showMaterialUpdate":false,"showSkybox":true,"showFlares":true,"showImageEffects":true,"showParticleSystems":true},"in2DMode":false,"pivot":{"x":-85.08476257324219,"y":-21.29924201965332,"z":11.599517822265625},"rotation":{"x":0.20374929904937745,"y":0.07569356262683869,"z":-0.01580248586833477,"w":0.9759646654129028},"size":159.34182739257813,"orthographic":false}