{"cameraMode":{"drawMode":0,"name":"Shaded","section":"Shading Mode"},"sceneLighting":false,"audioPlay":false,"sceneViewState":{"showFog":true,"showMaterialUpdate":false,"showSkybox":true,"showFlares":true,"showImageEffects":true,"showParticleSystems":true},"in2DMode":false,"pivot":{"x":-91.382568359375,"y":2.7100000381469728,"z":13.989999771118164},"rotation":{"x":0.329705148935318,"y":0.09606117755174637,"z":-0.033744703978300098,"w":0.9385777115821838},"size":11.783357620239258,"orthographic":false}