{"cameraMode":{"drawMode":0,"name":"Shaded","section":"Shading Mode"},"sceneLighting":false,"audioPlay":false,"sceneViewState":{"showFog":true,"showMaterialUpdate":false,"showSkybox":true,"showFlares":true,"showImageEffects":true,"showParticleSystems":true},"in2DMode":false,"pivot":{"x":14.289999961853028,"y":7.659999847412109,"z":53.587310791015628},"rotation":{"x":0.021313246339559556,"y":0.013488528318703175,"z":-0.0002878647355828434,"w":0.999681830406189},"size":17.478721618652345,"orthographic":false}