{"cameraMode":{"drawMode":0,"name":"Shaded","section":"Shading Mode"},"sceneLighting":false,"audioPlay":false,"sceneViewState":{"showFog":true,"showMaterialUpdate":false,"showSkybox":true,"showFlares":true,"showImageEffects":true,"showParticleSystems":true},"in2DMode":false,"pivot":{"x":-84.45999908447266,"y":3.778710126876831,"z":-15.500622749328614},"rotation":{"x":0.13766150176525117,"y":0.05435128137469292,"z":-0.0075655048713088039,"w":0.9889580607414246},"size":12.680991172790528,"orthographic":false}