{"cameraMode":{"drawMode":0,"name":"Shaded","section":"Shading Mode"},"sceneLighting":false,"audioPlay":false,"sceneViewState":{"showFog":true,"showMaterialUpdate":false,"showSkybox":true,"showFlares":true,"showImageEffects":true,"showParticleSystems":true},"in2DMode":false,"pivot":{"x":-84.0,"y":2.285161018371582,"z":-16.56999969482422},"rotation":{"x":0.13766150176525117,"y":0.05435128137469292,"z":-0.0075655048713088039,"w":0.9889580607414246},"size":17.084840774536134,"orthographic":false}