{"cameraMode":{"drawMode":0,"name":"Shaded","section":"Shading Mode"},"sceneLighting":false,"audioPlay":false,"sceneViewState":{"showFog":true,"showMaterialUpdate":false,"showSkybox":true,"showFlares":true,"showImageEffects":true,"showParticleSystems":true},"in2DMode":false,"pivot":{"x":3.214759111404419,"y":0.9595363736152649,"z":-1.509625792503357},"rotation":{"x":0.2655681073665619,"y":0.01099294051527977,"z":-0.0030284877866506578,"w":0.9640247225761414},"size":5.242595672607422,"orthographic":false}