{"cameraMode":{"drawMode":0,"name":"Shaded","section":"Shading Mode"},"sceneLighting":false,"audioPlay":false,"sceneViewState":{"showFog":true,"showMaterialUpdate":false,"showSkybox":true,"showFlares":true,"showImageEffects":true,"showParticleSystems":true},"in2DMode":false,"pivot":{"x":-87.23784637451172,"y":3.976954936981201,"z":13.977691650390625},"rotation":{"x":0.329705148935318,"y":0.09606117755174637,"z":-0.033744703978300098,"w":0.9385777115821838},"size":12.789033889770508,"orthographic":false}